01116_HWUSI-EAS1620_00024_62FKC_LANDTHALER-MPIIB,01116_HWUSI-EAS162.1
080306_HWI-EAS244_14324AAXX,080306_HWI-EAS244_.1
080313_HWI-EAS244_13396,080313_HWI-EAS244_.1
080320_HWI-EAS244_13538,080320_HWI-EAS244_.1
080402_HWI-EAS244_2052V,080402_HWI-EAS244_.1
080626_HWI-EAS244_20GN9,080626_HWI-EAS244_.1
080701_HWI-EAS244_0002_209YUAAXX,080701_HWI-EAS244_.1
080812_HWI-EAS244_309KU_HUEBNER,080812_HWI-EAS244_.1
080815_HWI-EAS244_309KUR2_HUEBNER,080815_HWI-EAS244_.1
081124_HWI-EAS244_0003_309JV_HUEBNER,081124_HWI-EAS244_.1
081215_HWI-EAS244_0004_30953AAXX_HUEBNER,081215_HWI-EAS244_.1
081230_HWI-EAS244_30HCW,081230_HWI-EAS244_.1
090113_HWI-EAS244_3066D,090113_HWI-EAS244_.1
090122_HWI-EAS244_309FL_HUEBNER,090122_HWI-EAS244_.1
090216_HWI-EAS244_309U1,090216_HWI-EAS244_.1
090227_HWI-EAS244_3067F,090227_HWI-EAS244_.1
090303_HWI-EAS244_30H5H,090303_HWI-EAS244_.1
090309_HWI-EAS244_30HA_HUEBNER,090309_HWI-EAS244_.1
090407_HWI-EAS244_30HCDAAXX,090407_HWI-EAS244_.1
090422_HWI-EAS244_30HEY_RAJEWSKY,090422_HWI-EAS244_.1
090507_HWI-EAS244_30HL2_HUEBNER,090507_HWI-EAS244_.1
090529_HWI-EAS244_30HWE_CHEN-RAJEWSKY,090529_HWI-EAS244_.1
090602_HWI-EAS244_30HD7_HUEBNER,090602_HWI-EAS244_.1
090608_HWI-EAS244_30GL1_HUEBNER,090608_HWI-EAS244_.1
090707_HWI-EAS244_30HFM_CHEN,090707_HWI-EAS244_.1
090710_HWI-EAS244_30HD6_CHEN,090710_HWI-EAS244_.1
090717_HWI-EAS244_30HCU_CHEN,090717_HWI-EAS244_.1
090812_HWI-EAS244_309CP_CHEN,090812_HWI-EAS244_.1
090815_HWI-EAS244_30489_CHEN,090815_HWI-EAS244_.1
090826_HWI-EAS244_304B9_CHEN,090826_HWI-EAS244_.1
090909_HWI-EAS244_3067M_CHEN,090909_HWI-EAS244_.1
091001_HWI-EAS244_306AA_CHEN,091001_HWI-EAS244_.1
091015_HWI-EAS244_30673_HUEBNER,091015_HWI-EAS244_.1
091022_HWI-EAS244_3048A_CHEN-RAJEWSKY,091022_HWI-EAS244_.1
091102_HWI-EAS244_30HD9_CHEN,091102_HWI-EAS244_.1
091109_HWI-EAS244_3097R_CHEN,091109_HWI-EAS244_.1
091113_HWI-EAS244_309DU_CHEN,091113_HWI-EAS244_.1
091201_HWUSI-EAS1620_VALIDATE,091201_HWUSI-EAS16.1
091202_HWUSI-EAS1621_431H9_VALIDATE,091202_HWUSI-EAS16.1
091204_HWI-EAS244_309KK_CHEN,091204_HWI-EAS244_.1
091210_HWUSI-EAS1620_30978_HUEBNER,091210_HWUSI-EAS16.1
091217_HWUSI-EAS1620_30U2R_HUEBNER,091217_HWUSI-EAS16.1
091218_HWI-EAS244_304DL_CHEN,091218_HWI-EAS244_.1
100108_HWUSI-EAS1621_6127J_HUEBNER,100108_HWUSI-EAS16.1
100114_HWI-EAS244_30W35_CHEN,100114_HWI-EAS244_.1
100119_HWI-EAS244_43369_CHEN,100119_HWI-EAS244_.1
100122_HWUSI-EAS1621_61BE1_CHEN,100122_HWUSI-EAS16.1
100209_HWUSI-EAS1621_4336V_CHEN,100209_HWUSI-EAS16.1
100210_HWUSI-EAS1620_431GA,100210_HWUSI-EAS16.1
100211_HWUSI-EAS1621_4337P_CHEN,100211_HWUSI-EAS16.1
100216_HWUSI-EAS1621_4337F_HUEBNER,100216_HWUSI-EAS16.1
100219_HWUSI-EAS1620_61281_CHENRAJEWSKI,100219_HWUSI-EAS16.1
100304_HWUSI-EAS1620_61254_CHEN,100304_HWUSI-EAS16.2
100304_HWUSI-EAS1621_614KB_HUEBNER,100304_HWUSI-EAS16.1
100311_HWI-EAS244_61CG4_RAJEWSKY-CHEN,100311_HWI-EAS244_.1
100315_HWI-EAS244_61BED_RAJEWSKY-CHEN,100315_HWI-EAS244_.1
100318_HWUSI-EAS1620_0003,100318_HWUSI-EAS16.1
100319_HWI-EAS244_61C3G_CHEN,100319_HWI-EAS244_.1
100326_HWUSI-EAS1620_613PV_CHEN,100326_HWUSI-EAS16.1
100408_HWUSI-EAS1620_0001_61C55_CHEN_BJoeRN,100408_HWUSI-EAS16.1
100409_HWI-EAS244_0001_61C63_CHEN,100409_HWI-EAS244_.1
100413_HWI-EAS244_0002_613TC_CHEN,100413_HWI-EAS244_.1
100413_HWUSI-EAS1620_0002_614JF_HUEBNER,100413_HWUSI-EAS16.1
100415_HWUSI-EAS1621_0001_61C5N_CHEN,100415_HWUSI-EAS16.1
100416_HWI-EAS244_0001_432HD_WANKER,100416_HWI-EAS244_.1
100423_HWUSI-EAS1620_0003_61C4P_CHEN,100423_HWUSI-EAS16.1
100426_HWI-EAS244_0003_61C77_CHEN,100426_HWI-EAS244_.1
100427_HWUSI-EAS1621_0002_61C4W_CHEN,100427_HWUSI-EAS16.1
100430_HWUSI-EAS1621_0003_614KA_CHEN-HUEBNER,100430_HWUSI-EAS16.1
100503_HWUSI-EAS1620_0004_61C5L_CHEN,100503_HWUSI-EAS16.1
100507_HWUSI-EAS1620_0005_61C42_CHEN,100507_HWUSI-EAS16.1
100520_HWUSI-EAS1620_0006_61CD6_CHEN,100520_HWUSI-EAS16.1
100528_HWUSI-EAS1621_0004_6127G_LANDTHALER,100528_HWUSI-EAS16.1
100601_HWUSI-EAS1620_0007_61C6J_CHEN-HUEBNER,100601_HWUSI-EAS16.1
100602_HWI-EAS244_0004_61BDV_CHEN-LANDTHALER,100602_HWI-EAS244_.1
100607_HWUSI-EAS1621_0014_304C3_RAJEWSKY,100607_HWUSI-EAS16.1
100609_HWI-EAS244_0005_61C5R_CHEN,100609_HWI-EAS244_.1
100610_HWUSI-EAS1620_0008_61CJG_CHEN,100610_HWUSI-EAS16.1
100611_HWI-EAS244_0006_61C5Y_CHEN,100611_HWI-EAS244_.1
100614_HWUSI-EAS1620_0009_6145H_CHEN,100614_HWUSI-EAS16.1
100615_HWUSI-EAS1621_0004_61BDU_CHEN,100615_HWUSI-EAS16.1
100618_HWUSI-EAS1620_00,100618_HWUSI-EAS16.2
100618_HWUSI-EAS1620_0010_622JL_RAJEWSKY,100618_HWUSI-EAS16.1
100621_HWUSI-EAS1621_0005_622C3_CHEN,100621_HWUSI-EAS16.1
100622_HWI-EAS244_0003_4337M_CHEN,100622_HWI-EAS244_.1
100625_HWI-EAS244_0004_437YB,100625_HWI-EAS244_.1
100628_HWUSI-EAS1620_0007_304BT_JANZ-SELBACH,100628_HWUSI-EAS16.1
100705_HWI-EAS244_0007_624H8_CHEN,100705_HWI-EAS244_.1
100708_HWUSI-EAS1620_0012_622YR_MIXED,100708_HWUSI-EAS16.1
100709_HWUSI-EAS1621_0008_61VWN_HUEBNER,100709_HWUSI-EAS16.1
100712_HWUSI-EAS1621_0009_705LF_HUEBNER,100712_HWUSI-EAS16.1
100720_HWI-EAS244_0008_624KH_CHEN,100720_HWI-EAS244_.1
100722_HWUSI-EAS1620_0013_624KE_CHEN-HUEBNER,100722_HWUSI-EAS16.1
100723_HWUSI-EAS1621_0010_624H7_CHEN-HUEBNER,100723_HWUSI-EAS16.1
100726_HWI-EAS244_0009_624KV_LANDTHALER-HUEBNER,100726_HWI-EAS244_.1
100730_HWUSI-EAS1620_0014_624KR_HUEBNER-MIXED,100730_HWUSI-EAS16.1
100802_HWI-EAS244_0010_624GV_MIXED,100802_HWI-EAS244_.1
100805_HWUSI-EAS1621_0011_6240N_RAJEWSKY-CHEN,100805_HWUSI-EAS16.1
100810_HWI-EAS244_0005_4337C_LANDTHALER,100810_HWI-EAS244_.1/
100812_HWUSI-EAS1620_0015_624KP_HUEBNER,100812_HWUSI-EAS16.1
100819_HWI-EAS244_0011_624L2_ROSENBAUER,100819_HWI-EAS244_.1
100820_HWUSI-EAS1620_0016_HUEBNER,100820_HWUSI-EAS16.1
100823_HWI-EAS244_0012_624GTA_MIXED,100823_HWI-EAS244_.1
100824_HWUSI-EAS1620_0017_624LJ_CHEN-HUEBNER,100824_HWUSI-EAS16.1
100826_HWUSI-EAS1621_0012_624TW_CHEN,100826_HWUSI-EAS16.1
100830_HWUSI-EAS1620_0018_624P8_HUEBNER,100830_HWUSI-EAS16.1
100914_SN303_0092_A_209P9ABXX_CHEN,100914_SN303_0092_.1
100916_HWI-EAS244_0013_624LA_MIXED,100916_HWI-EAS244_.1
100917_SN303_0093_B_205NKABXX_HUEBNER-LANDTHALER,100917_SN303_0093_.1
100922_HWUSI-EAS1621_0013_624EJ_HUEBNER-RAPP,100922_HWUSI-EAS16.1
100928_HWI-EAS244_0014_624E1_CHEN,100928_HWI-EAS244_.1
100929_HWUSI-EAS1621_0014_624J2_WERTH-GREGORY,100929_HWUSI-EAS16.1
101001_HWUSI-EAS1621_0015_624E5_RAJEWSKY,101001_HWUSI-EAS16.1
101008_HWI-EAS244_0015_62554_LANDTHALER_SELBACH,101008_HWI-EAS244_.1
101012_HWUSI-EAS1620_00020_62M3J_HUEBNER,101012_HWUSI-EAS16.1
101013_HWI-EAS244_0016_62M3L_MIXED,101013_HWI-EAS244_.1
101014_HWUSI-EAS1620_00021_62M3C_HUEBNER-LANDTHALER,101014_HWUSI-EAS16.1
101015_SN303_0095_A_20BRCABXX_HUEBNER,101015_SN303_0095_.1
101018_HWUSI-EAS1620_00022_622VC_CHEN-RAJEWSKY,101018_HWUSI-EAS16.1
101028_HWI-EAS244_0017_62M72_ROSENBAUER-HUEBNER,101028_HWI-EAS244_.1
101029_HWUSI-EAS1620_00023_62M2E_HUEBNER,101029_HWUSI-EAS16.1
101101_SN303_0096_A_209PRABXX_CHEN-HUEBNER,101101_SN303_0096_.1
101105_SN303_0097_A_20BR0ABXX_MIXED,101105_SN303_0097_.1
101115_SN303_0098_B_20BTEABXX_RAJEWSKY,101115_SN303_0098_.1
101116_HWI-EAS244_0018_62M3B_HUEBNER,101116_HWI-EAS244_.1
101116_HWUSI-EAS1620_00024_62FKC_LANDTHALER-MPIIB,101116_HWUSI-EAS16.1
101119_HWI-EAS244_0019_625CU_LANDTHALER,101119_HWI-EAS244_.1
101125_SN303_0099_B_20BRNABXX_RAJEWSKY,101125_SN303_0099_.1
101126_HWUSI-EAS1620_00025_62UF8_MIXED,101126_HWUSI-EAS16.1
101130_HWI-EAS244_0020_628F5_POY-RAJEWSKY,101130_HWI-EAS244_.1
101130_HWUSI-EAS1620_00026_628FG_CHEN-LANDTHALER,101130_HWUSI-EAS16.1
101203_HWI-EAS244_0021_62M6L_DRFZ,101203_HWI-EAS244_.1
101206_HWI-EAS244_0006_3046F_RAJEWSKY,101206_HWI-EAS244_.1
101209_SN471_0052_B_20BM1ABXX_HUEBNER,101209_SN471_0052_.1
101209_SN471_0053_A_20BRMABXX_HUEBNER,101209_SN471_0053_.1
110106_HWUSI-EAS1620_00027_62YRG_LANDTHALER,110106_HWUSI-EAS16.2
110106_HWUSI-EAS1620_00028_62YRG_LANDTHALER,110106_HWUSI-EAS16.1
110107_HWI-EAS244_0007_304BB_DIETERICH-RAJEWSKY,110107_HWI-EAS244_.1
110110_HWUSI-EAS1620_00029_62Y7J_DIETERICH-RAJEWSKY,110110_HWUSI-EAS16.1
110113_HWUSI-EAS1620_00030_62YPG_SELBACH,110113_HWUSI-EAS16.1
110114_SN303_0100_A_80G60ABXX_LANDTHALER,110114_SN303_0100_.1
110118_HWUSI-EAS1620_00031_62Y8E_CHEN-SELBACH,110118_HWUSI-EAS16.1
110119_SN471_0054_A_80FBLABXX_CHEN,110119_SN471_0054_.1
110121_HWUSI-EAS1620_00032_62Y89_CHEN,110121_HWUSI-EAS16.1
110125_HWUSI-EAS1620_00033_62M2B_MIXED,110125_HWUSI-EAS16.1
110127_HWUSI-EAS1620_00034_628EV_HUEBNER,110127_HWUSI-EAS16.1
110128_SN471_0055_A_80CGEABXX_HUEBNER,110128_SN471_0055_.1
110128_SN471_0056_B_80G59ABXX_HUEBNER,110128_SN471_0056_.1
110201_HWUSI-EAS1620_00035_62D6E_HUEBNER,110201_HWUSI-EAS16.1
110203_HWUSI-EAS1620_00036_62Y8H_LANDTHALER,110203_HWUSI-EAS16.1
110203_SN540_0061_A_80E9NABXX_CHEN,110203_SN540_0061_.1
110203_SN540_0062_B_80EAGABXX_CHEN,110203_SN540_0062_.1
110208_HWUSI-EAS1620_00037_62Y7A_CHEN,110208_HWUSI-EAS16.1
110211_HWUSI-EAS1620_00038_62Y8C_MIXED,110211_HWUSI-EAS16.1
110215_HWI-EAS244_0008_437RW_WANKER,110215_HWI-EAS244_.1
110215_SN303_0101_B_209WAABXX_{EXPERIMENT],110215_SN303_0101_.1
110216_HWUSI-EAS16.001,110216_HWUSI-EAS1620_00039_62Y7T_CHEN
110216_HWUSI-EAS1620_00039_62Y7T_CHEN,110216_HWUSI-EAS16.1
110217_HWI-EAS244_0009_3038R_SELBACH,110217_HWI-EAS244_.1
110222_HWUSI-EAS16.001,110222_HWUSI-EAS1620_00040_622W5_MIXED
110222_HWUSI-EAS1620_00040_622W5_MIXED,110222_HWUSI-EAS16.1
110225_SN471_0057_A_80G75ABXX_HUEBNER,110225_SN471_0057_.1
110225_SN471_0058_B_80EC1ABXX_HUEBNER,110225_SN471_0058_.1
110225_SN540_0063_A_80FKLABXX_RAJEWSKY,110225_SN540_0063_.1
110301_HWUSI-EAS16.001,110301_HWUSI-EAS1620_00041_62Y7D_LEWIN_CHEN
110301_HWUSI-EAS1620_00041_62Y7D_LEWIN_CHEN,110301_HWUSI-EAS16.1
110303_HWUSI-EAS16.001,110303_HWUSI-EAS1620_00042_62321_HUEBNER
110303_HWUSI-EAS16.002,110303_HWUSI-EAS1620_00043_62321_HUEBNER_PRIMER-REHYB
110303_HWUSI-EAS16.003,110303_HWUSI-EAS1620_00044_62321_HUEBNER
110303_HWUSI-EAS1620_00042_62321_HUEBNER,110303_HWUSI-EAS16.1
110303_HWUSI-EAS1620_00043_62321_HUEBNER_PRIMER-REHYB,110303_HWUSI-EAS16.2
110303_HWUSI-EAS1620_00044_62321_HUEBNER,110303_HWUSI-EAS16.3
110304_HWI-EAS244_0010_3046D_DIETERICH,110304_HWI-EAS244_.1
110309_HWUSI-EAS16.001,110309_HWUSI-EAS1620_00045_639H8_HUEBNER
110309_HWUSI-EAS1620_00045_639H8_HUEBNER,110309_HWUSI-EAS16.1
110310_SN471_0059_A_80FFCABXX_HUEBNER,110310_SN471_0059_.1
110310_SN471_0060_B_209W8ABXX_HUEBNER,110310_SN471_0060_.1
110315_HWUSI-EAS1620_00046_639GD_MIXED,110315_HWUSI-EAS16.1
110315_SN471_0060_B_81M4HABXX_HUEBNER,110315_SN471_0060_.1
110317_SN471_0061_A_816G2ABXX_HUEBNER,110317_SN471_0061_.1
110317_SN471_0062_B_80DGRABXX_HUEBNER,110317_SN471_0062_.1
110317_SN540_0063_A_80ANYABXX_HUEBNER,110317_SN540_0063_.1
110324_SN540_0064_A_B038VABXX_MIXED,110324_SN540_0064_.1
110329_HWUSI-EAS1620_00047_639KM_MIXED,110329_HWUSI-EAS16.1
110407_SN303_0101_A_B01NJABXX_HUEBNER,110407_SN303_0101_.1
110407_SN303_0102_B_B01PKABXX_HUEBNER,110407_SN303_0102_.1
110412_SN303_0103_B_B06KMABXX_HUEBNER,110412_SN303_0103_.1
110412_SN303_0104_A_B06J5ABXX_HUEBNER,110412_SN303_0104_.1
110419_HWUSI-EAS1620_00048_639FF_MIXED,110419_HWUSI-EAS16.1
110419_SN303_0105_A_B06V8ABXX_HUEBNER,110419_SN303_0105_.1
110427_HWUSI-EAS1620_00049_64JCY_MIXED,110427_HWUSI-EAS16.1
110504_HWUSI-EAS1620_00050_64JCF_MIXED,110504_HWUSI-EAS16.1
110504_SN541_0062_B_C00FCABXX_110504_SN541_C00FC_FCB_MIXED,110504_SN541_0062_.1
110505_SN471_0063_A_B06HKABXX_MIXED,110505_SN471_0063_.1
110505_SN540_0065_A_B03YTABXX_Huebner,110505_SN540_0065_.1
110505_SN540_0066_B_B03TAABXX_HUEBNER,110505_SN540_0066_.1
110511_SN471_0064_A_B03KEABXX_CHEN,110511_SN471_0064_.1
110511_SN471_0065_B_B06MUABXX_LONDON,110511_SN471_0065_.1
110524_SN540_0067_B_B06V5ABXX_ROSENBAUER,110524_SN540_0067_.1
110524_SN541_0063_A_B06M5ABXX_KUEHNEN-LANDTHALER,110524_SN541_0063_.1
110526_SN471_0066_A_B0387ABXX_HUEBNER,110526_SN471_0066_.1
110526_SN471_0067_B_B02YAABXX_HUEBNER,110526_SN471_0067_.1
110531_HWUSI-EAS1620_00051_64JCM_MIXED,110531_HWUSI-EAS16.1
110607_HWUSI-EAS1620_00052_64JCL_ROSENBAUER,110607_HWUSI-EAS16.1
110617_HWUSI-EAS1620_00053_639GA_MIXED,110617_HWUSI-EAS16.1
110621_SN303_0107_A_B06L7ABXX_CHEN,110621_SN303_0107_.1
110623_SN471_0068_A_B0AJUABXX_HUEBNER,110623_SN471_0068_.1
110623_SN471_0069_B_B048VABXX_CHEN_DIETERICH,110623_SN471_0069_.1
110701_SN540_0068_A_C00J5ABXX_MIXED,110701_SN540_0068_.1
110701_SN541_0064_A_C00J5ABXX_MIXED,110701_SN541_0064_.1
110701_SN541_0064_A_C00JS5ABXX_MIXED,110701_SN541_0064_.3
110707_SN541_0065_A_B039UABXX_HUEBNER,110707_SN541_0065_.1
110707_SN541_0066_B_B03UFABXX_HUEBNER,110707_SN541_0066_.1
110714_SN303_0108_A_C00K1ABXX_MIXED,110714_SN303_0108_.1
110714_SN471_0070_B_B06AYABXX_MIXED,110714_SN471_0070_.1
110718_HWUSI-EAS1620_00054_64JCT_MIXED,110718_HWUSI-EAS16.1
110727_HWUSI-EAS1620_00055_64JCJ_MIXED,110727_HWUSI-EAS16.1
110728_SN541_0067_AB03VWABXX,110728_SN541_0067_.1
110809_HWUSI-EAS1620_00056_64JCP_MIXED,110809_HWUSI-EAS16.1
110810_SN471_0075_A_C014TABXX_MIXED,110810_SN471_0075_.1
110819_SN471_0076_A_D0DTRABXX_CSPro,110819_SN471_0076_.1
110819_SN471_0077_B_81PJ2ABXX_CSPro,110819_SN471_0077_.1
110823_HWUSI-EAS1620_00057_64P6C_MIXED,110823_HWUSI-EAS16.1
110830_SN303_0109_A_D082DACXX_MIXED,110830_SN303_0109_.1
110901_SN471_0078_A_C00FGABXX_LANDTHALER-HUEBNER,110901_SN471_0078_.1
110908_SN471_0079_A_C02GRABXX_HUEBNER-DIETERICH,110908_SN471_0079_.1
110908_SN471_0080_B_D0E20ABXX_HUEBNER-NYU,110908_SN471_0080_.1
110913_SN471_0081_A_D0E28ABXX_HUEBNER,110913_SN471_0081_.1
110913_SN471_0082_B_D0E1UABXX_HUEBNER,110913_SN471_0082_.1
110915_SN540_0072_B_D0E29ABXX_HUEBNER,110915_SN540_0072_.1
110915_SN541_0068_A_B03NVABXX_HUEBNER-DIETERICH,110915_SN541_0068_.1
110915_SN541_0069_B_B04CGABXX_CHEN,110915_SN541_0069_.1
111004_SN303_0110_A_D0822ACXX_MIXED,111004_SN303_0110_.1
111006_SN471_0083_A_D0BT4ABXX_MIXED,111006_SN471_0083_.1
111007_HWUSI-EAS1620_00058_634E3ABXX_MIXED,111007_HWUSI-EAS16.1
111007_SN540_0073_A_B01C8ABXX_MIXED,111007_SN540_0073_.1
111010_HWUSI-EAS1620_00059_634E5_CHEN,111010_HWUSI-EAS16.1
111011_SN541_0070_A_D080CACXX_HUEBNER,111011_SN541_0070_.1
111011_SN541_0071_B_C08MJACXX_MIXED,111011_SN541_0071_.1
111018_HWUSI-EAS1620_00060_64JD0_DRFZ,111018_HWUSI-EAS16.1
111020_SN540_0074_A_B03WNABXX_HUEBNER-DIETERICH,111020_SN540_0074_.1
111021_SN303_0115_B_D0898ACXX_MIXED,111021_SN303_0115_.1
111110_SN540_0075_A_C08EUACXX_MIXED,111110_SN540_0075_.1
111110_SN540_0076_B_D081NACXX_CHEN-SELBACH,111110_SN540_0076_.1
111111_HWI-EAS244_0011_42V9M_SELBACH-RAJEWSKY,111111_HWI-EAS244_.1
111111_SN471_0084_A_C08MFACXX_HUEBNER-LANDTHALER,111111_SN471_0084_.1
111117_SN471_0085_B_C0313ABXX_CHEN-DIETERICH,111117_SN471_0085_.1
111117_SN540_0077_A_C08KWACXX_MIXED,111117_SN540_0077_.1
111118_HWUSI-EAS1620_00061_634FU_MIXED,111118_HWUSI-EAS16.1
111125_HWI-EAS244_0012_42UC3_RAJEWSKY,111125_HWI-EAS244_.1
111201_HWUSI-EAS1620_00062_634FD_DARMSTADT-RAJEWSKY,111201_HWUSI-EAS16.1
111206_SN303_0116_A_D08FMACXX_SELBACH-CHEN,111206_SN303_0116_.1
111209_SN540_0078_A_D08GGACXX_CHEN-CHARITE,111209_SN540_0078_.1
111213_HWUSI-EAS1620_00063_634EA_MIXED,111213_HWUSI-EAS16.1
111213_SN303_0117_A_D0GJMACXX_MIXED,111213_SN303_0117_.1
111213_SN303_0118_B_D0F8TACXX_RAJEWSKY,111213_SN303_0118_.1
111213_SN541_0072_A_D0GJMACXX_MIXED,111213_SN541_0072_.1
111213_SN541_0073_B_D0F8TACXX_RAJEWSKY,111213_SN541_0073_.1
111215_SN471_0086_A_D0GJ1ACXX_MIXED,111215_SN471_0086_.1
120112_SN471_0087_A_C04WYACXX_CHARITE,120112_SN471_0087_.1
120112_SN471_0088_B_D09A6ACXX_MIXED,120112_SN471_0088_.1
120113_SN303_0119_A_C09MLACXX_HUEBNER,120113_SN303_0119_.1
120113_SN303_0120_B_C0BBUACXX_MIXED,120113_SN303_0120_.1
120116_HWUSI-EAS1620_00064_634FN_CHEN,120116_HWUSI-EAS16.1
120119_SN303_0121_A_C08KFACXX_CHARITE,120119_SN303_0121_.1
120119_SN303_0122_B_C093VACXX_MIXED,120119_SN303_0122_.1
120120_SN541_0082_AD0HT3ACXX,120120_SN541_0082_.1
120120_SN541_0083_BC0BNBACXX,120120_SN541_0083_.1
120120_SN541_0084_AD0HT3ACXX,120120_SN541_0084_.1
120123_SN540_0080_A_D0HDDACXX_ROSENBAUER-RAJEWSKY,120123_SN540_0080_.1
120131_SN471_0090_A_C0BRNACXX_HUEBNER-LANDTHALER,120131_SN471_0090_.1
120203_SN471_0091_A_D0HWJACXX_CHARITE,120203_SN471_0091_.1
120203_SN471_0092_B_C0BN3ACXX_MIXED,120203_SN471_0092_.1
120207_SN540_0081_A_C0BT7ACXX_HUEBNER-RAJEWSKY,120207_SN540_0081_.1
120207_SN540_0082_B_D0HTAACXX_HUEBNER,120207_SN540_0082_.1
120209_SN303_0130_B_D0HW2ACXX_MIXED,120209_SN303_0130_.1
120209_SN541_0086_A_D0HW2ACXX_MIXED,120209_SN541_0086_.1
120222_SN540_0083_A_C0BP2ACXX_MIXED,120222_SN540_0083_.1
120222_SN540_0084_B_D0HVLACXX_SCHEIDEREIT-LANDTHALER,120222_SN540_0084_.1
120224_SN541_0190_A_D0HUEACXX_LANDTHALER-ROPERS,120224_SN541_0190_.1
120224_SN541_0191_B_C0BMHACXX_HU-ROPERS,120224_SN541_0191_.1
120301_SN540_0085_A_C0BN7ACXX_ROPERS-CHARITE,120301_SN540_0085_.1
120301_SN540_0086_B_C0BRTACXX_ROPERS-CHARITE,120301_SN540_0086_.1
120302_SN471_0094_A_D0HWNACXX_RAJEWSKY,120302_SN471_0094_.1
120308_SN541_0192_A_C0C3VACXX_MIXED,120308_SN541_0192_.1
120308_SN541_0193_B_D0JAYACXX_CHARITE-ROPERS,120308_SN541_0193_.1
120309_SN303_0131_A_C0BKFACXX_LIPP,120309_SN303_0131_.1
120309_SN303_0132_B_D0JBLACXX_SCHMITT-OTT-HUEBNER,120309_SN303_0132_.1
120320_SN541_0194_A_C0F65ACXX_ROPERS,120320_SN541_0194_.1
120320_SN541_0195_B_C0F7BACXX_MIXED,120320_SN541_0195_.1
120326_SN471_0095_A_C0E8AACXX_HUEBNER,120326_SN471_0095_.1
120326_SN471_0096_B_D0PRPACXX_HUEBNER,120326_SN471_0096_.1
120327_SN541_0196_A_C0G5RACXX_MIXED,120327_SN541_0196_.1
120327_SN541_0197_B_D0W7CACXX_LONDON,120327_SN541_0197_.1
120329_SN303_0133_A_C081LACXX_MIXED,120329_SN303_0133_.1
120404_SN540_0087_B_C0GHGACXX_ROPERS,120404_SN540_0087_.1
120404_SN541_0198_B_D0W6HACXX_CHARITE-LANDTHALER,120404_SN541_0198_.1
120412_SN541_0199_A_C08MCACXX_MIXED,120412_SN541_0199_.1
120412_SN541_0200_B_D0E1UACXX_CHEN,120412_SN541_0200_.1
120412_SN541_0201_B_D0GPPACXX_CHEN,120412_SN541_0201_.1
120413_HWUSI-EAS1620_00065_634G5_POY-DARMSTADT,120413_HWUSI-EAS16.1
120418_SN540_0088_B_D0W2KACXX_MIXED,120418_SN540_0088_.1
120419_SN471_0099_A_C0BF0ACXX_Rajewsky,120419_SN471_0099_.1
120427_SN303_0134_A_C0NRKACXX_MIXED,120427_SN303_0134_.1
120427_SN303_0135_B_D0W46ACXX_K-RAJEWSKY,120427_SN303_0135_.1
120504_SN540_0089_A_C0BFGACXX_MIXED,120504_SN540_0089_.1
120504_SN540_0090_B_D0HH6ACXX_HUEBNER-RAJEWSKY,120504_SN540_0090_.1
120504_SN541_0202_A_D0W9CACXX_MIXED,120504_SN541_0202_.1
120507_SN471_0100_A_C0AT9ACXX_HUEBNER_K-RAJEWSKY,120507_SN471_0100_.1
120507_SN471_0101_B_D0GR1ACXX_HUEBNER-CHARITE,120507_SN471_0101_.1
120509_SN541_0203_A_C0BF1ACXX_MIXED,120509_SN541_0203_.1
120509_SN541_0204_B_D0HHFACXX_HUEBNER-CHARITE,120509_SN541_0204_.1
120511_SN303_0136_A_D0W7EACXX_K-RAJEWSKY,120511_SN303_0136_.1
120514_HWUSI-EAS1620_00066_634G7_POTSDAM,120514_HWUSI-EAS16.1
120514_HWUSI-EAS1620_00067_634G7_POTSDAM,120514_HWUSI-EAS16.2
120523_SN471_0102_A_D0GN6ACXX_HUEBNER-CHARITE,120523_SN471_0102_.1
120523_SN471_0103_B_C0BDGACXX_RAJEWSKY-HUEBNER,120523_SN471_0103_.1
120523_SN541_0205_A_C0BEMACXX_HUEBNER,120523_SN541_0205_.1
120523_SN541_0206_B_D0HGNACXX_HUEBNER-CHARITE,120523_SN541_0206_.1
120525_SN303_0137_B_D0W7HACXX_MIXED,120525_SN303_0137_.1
120530_SN303_0138_A_D0GPUACXX_MIXED,120530_SN303_0138_.1
120530_SN540_0095_B_C0NUEACXX_MIXED,120530_SN540_0095_.1
120605_SN471_0104_A_C0PLPACXX_DIETERICH-HUEBNER,120605_SN471_0104_.1
120605_SN540_0096_B_C0NM6ACXX_LANDTHALER-K-RAJESKY,120605_SN540_0096_.1
120605_SN541_0207_B_D10L6ACXX_RAJEWSKY-HUEBNER,120605_SN541_0207_.1
120608_SN471_0105_A_C0NP2ACXX_MIXED,120608_SN471_0105_.1
120626_SN540_0097_A_C0R36ACXX_HUEBNER,120626_SN540_0097_.1
120628_SN541_0209_A_C0EREACXX_MIXED,120628_SN541_0209_.1
120628_SN541_0210_B_D0GGYACXX_HUEBNER-CHARITE,120628_SN541_0210_.1
120629_SN303_0139_A_C0EW1ACXX_HUEBNER-CHARITE,120629_SN303_0139_.1
120629_SN303_0140_B_D0GRAACXX_HUEBNER-CHARITE,120629_SN303_0140_.1
120703_SN471_0106_A_C0YWKACXX_GONG,120703_SN471_0106_.1
120703_SN540_0098_B_D0HB1ACXX_HUEBNER,120703_SN540_0098_.1
120706_SN540_0099_A_D0HEFACXX_CHARITE,120706_SN540_0099_.1
120706_SN540_0100_B_D0HY6ACXX_CHARITE-HU,120706_SN540_0100_.1
120710_SN471_0107_A_C0PR2ACXX_MIXED,120710_SN471_0107_.1
120802_SN471_0108_A_D0JN1ACXX_CHARITE,120802_SN471_0108_.1
120803_SN540_0105_B_C0BJWACXX_MIXED,120803_SN540_0105_.1
120809_SN540_0106_A_D0HMKACXX_ROPERS,120809_SN540_0106_.1
120809_SN540_0107_B_C0BK0ACXX_ROPERS-LANDTHALER,120809_SN540_0107_.1
120816_SN303_0143_A_C0ENRACXX_MIXED,120816_SN303_0143_.1
120816_SN303_0144_B_D0MJBACXX_RAJEWSKY,120816_SN303_0144_.1
120821_SN541_0211_A_C0VDKACXX_MIXED,120821_SN541_0211_.1
120821_SN541_0212_B_C0Y71ACXX_HUEBNER,120821_SN541_0212_.1
120822_SN540_0121_A_C0R51ACXX_MIXED,120822_SN540_0121_.1
120830_SN471_0109_A_C0R50ACXX_LANDTHALER,120830_SN471_0109_.1
120830_SN471_0110_B_C0YVTACXX_RKI,120830_SN471_0110_.1
120903_HWUSI-EAS1620_00069_6373E_SCHEIDEREIT,120903_HWUSI-EAS16.1
120907_HWUSI-EAS1620_00070_64K8G_CHEN,120907_HWUSI-EAS16.1
120912_SN541_0213_A_C0PNEACXX_ROPERS,120912_SN541_0213_.1
120912_SN541_0214_B_D10BWACXX_MIXED,120912_SN541_0214_.1
120914_SN303_0147_A_C0T4DACXX_HUEBNER,120914_SN303_0147_.1
120914_SN303_0148_B_D10V2ACXX_MIXED,120914_SN303_0148_.1
120919_SN541_0215_A_C0U5KACXX_GONG,120919_SN541_0215_.1
120919_SN541_0216_B_D10CVACXX_CHEN-ROPERS,120919_SN541_0216_.1
120921_SN540_0122_A_C0YH9ACXX_MIXED,120921_SN540_0122_.1
120928_SN471_0111_A_D10FJACXX_LONDON,120928_SN471_0111_.1
121004_SN540_0123_B_D14U5ACXX_HUEBNER,121004_SN540_0123_.1
121005_SN471_0112_B_D10RAACXX_MIXED,121005_SN471_0112_.1
121017_SN540_0124_A_D10JEACXX_MIXED,121017_SN540_0124_.1
121018_SN303_0149_A_D11A1ACXX_MIXED,121018_SN303_0149_.1
121025_SN540_0125_A_C0YTHACXX_GONG,121025_SN540_0125_.1
121025_SN540_0126_B_D15AHACXX_MIXED,121025_SN540_0126_.1
121101_SN303_0150_A_D14FGACXX_HUEBNER-CHARITE,121101_SN303_0150_.1
121107_SN540_0127_B_C12OAACXX_MIXED,121107_SN540_0127_.1
121123_SN471_0114_B_D14UBACXX_HUEBNER,121123_SN471_0114_.1
121128_SN303_0151_A_D17F0ACXX_MIXED,121128_SN303_0151_.1
121128_SN303_0152_B_C12BFACXX_MIXED,121128_SN303_0152_.1
121207_SN303_0153_A_D1BP0ACXX_MIXED,121207_SN303_0153_.1
121207_SN303_0154_B_D17M1ACXX_MIXED,121207_SN303_0154_.1
121211_SN541_0221_A_C151AACXX_MARBURG-ROPERS,121211_SN541_0221_.1
121214_SN471_0119_B_C1BFAACXX_SCHULZ,121214_SN471_0119_.1
121214_SN540_0150_A_C154KACXX_MIXED,121214_SN540_0150_.1
121214_SN540_0151_B_C1ALUACXX_CHARITE,121214_SN540_0151_.1
1300604_SN303_0161_A_C1RT9ACXX_DRFZ-LANDTHALER,1300604_SN303_0161.1
130109_HWUSI-EAS1620_00071_64N9W_CHEN,130109_HWUSI-EAS16.1
130110_SN303_0155_A_C16KFACXX_MIXED,130110_SN303_0155_.1
130110_SN303_0156_B_C1BD5ACXX_GONG,130110_SN303_0156_.1
130115_SN540_0152_A_H02WHADXX_Giessen,130115_SN540_0152_.1
130122_SN540_0153_A_H03ENADXX_CHEN,130122_SN540_0153_.1
130123_SN471_0120_A_C1B7FACXX_MIXED,130123_SN471_0120_.1
130123_SN541_0222_B_C1B7FACXX_MIXED,130123_SN541_0222_.1
130129_SN541_0223_A_D1GB7ACXX_MIXED,130129_SN541_0223_.1
130129_SN541_0224_B_C1AY8ACXX_MIXED,130129_SN541_0224_.1
130219_SN541_0225_A_C16NTACXX_HUEBNER,130219_SN541_0225_.1
130219_SN541_0226_B_D1C2LACXX_HUEBNER,130219_SN541_0226_.1
130221_SN471_0137_A_D1G1HACXX_MIXED,130221_SN471_0137_.1
130301_SN471_0138_A_D1P96ACXX_ROPERS-LANDTHALER,130301_SN471_0138_.1
130313_SN541_0228_A_C16UWACXX_HUEBNER,130313_SN541_0228_.1
130313_SN541_0229_B_D1D50ACXX_MIXED,130313_SN541_0229_.1
130325_SN541_0230_A_H02WLADXX_CHEN-RAJEWSKY,130325_SN541_0230_.1
130404_SN541_0231_A_C1BRKACXX_HUEBNER,130404_SN541_0231_.1
130404_SN541_0232_B_D1D9BACXX_HUEBNER,130404_SN541_0232_.1
130405_SN471_0139_A_C1KRAACXX_MIXED,130405_SN471_0139_.1
130405_SN540_0154_A_H0D85ADXX_ROPERS-CHEN,130405_SN540_0154_.1
130417_SN540_0155_AH0E6YADXX,130417_SN540_0155_.1
130417_SN540_0156_B_H0E6YADXX_DIETERICH,130417_SN540_0156_.1
130423_SN303_0157_A_C1JA7ACXX_HUEBNER-ROPERS,130423_SN303_0157_.1
130423_SN303_0158_B_D1N04ACXX_CHEN,130423_SN303_0158_.1
130423_SN541_0233_A_H0D8MADXX_DIETERICH,130423_SN541_0233_.1
130424_SN471_0140_A_D1N4GACXX_MIXED,130424_SN471_0140_.1
130426_SN541_0234_A_D1P5NACXX_MIXED,130426_SN541_0234_.1
130508_SN471_0141_A_C1JA6ACXX_HUEBNER,130508_SN471_0141_.1
130508_SN471_0142_B_D1RTGACXX_MIXED,130508_SN471_0142_.1
130514_SN303_0159_B_D1NTBACXX_HUEBNER-CHEN,130514_SN303_0159_.1
130516_SN540_0182_A_H0D8GADXX_CHEN,130516_SN540_0182_.1
130523_SN303_0160_B_C1KRTACXX_MIXED,130523_SN303_0160_.1
130524_SN540_0183_A_H0D8HADXX_RAJEWSKY,130524_SN540_0183_.1
130529_SN471_0143_A_C1JR6ACXX_HUEBNER-ROPERS,130529_SN471_0143_.1
130529_SN471_0144_B_D1T58ACXX_HUEBNER_GOTTHARDT,130529_SN471_0144_.2
130604_SN303_0161_A_C1RT9ACXX_DRFZ_LANDTHALER,130604_SN303_0161_.1
130605_SN541_0235_A_D1P92ACXX_MIXED,130605_SN541_0235_.1
130611_SN303_0162_A_D22K5ACXX_HUEBNER,130611_SN303_0162_.1
130611_SN303_0163_B_C1N7BACXX_HUEBNER-FRAUENHOFER,130611_SN303_0163_.1
130618_SN471_0145_A_C1RBEACXX_HUEBNER,130618_SN471_0145_.1
130618_SN471_0146_B_D1V62ACXX_HUEBNER,130618_SN471_0146_.1
130619_SN540_0184_A_H0EYKADXX_CHEN,130619_SN540_0184_.1
130619_SN540_0185_B_H0F1WADXX_CHEN,130619_SN540_0185_.1
130619_SN541_0236_A_C1T2KACXX_HUEBNER,130619_SN541_0236_.1
130619_SN541_0237_B_D1UG9ACXX_HUEBNER,130619_SN541_0237_.1
130621_SN540_0186_A_D1WL8ACXX_LANDTHALER-RAJEWSKY,130621_SN540_0186_.1
130702_SN540_0187_A_C2A66ACXX_K-RAJEWSKY,130702_SN540_0187_.1
130702_SN540_0188_B_D1W1YACXX_DRFZ,130702_SN540_0188_.1
130703_SN471_0147_A_C2ALCACXX_MIXED,130703_SN471_0147_.1
130703_SN471_0148_B_D29M1ACXX_MIXED,130703_SN471_0148_.1
130704_SN541_0238_A_C210RACXX_HUEBNER,130704_SN541_0238_.1
130704_SN541_0239_B_D22MBACXX_HUEBNER-NKM,130704_SN541_0239_.1
130718_SN540_0189_A_H0F27ADXX_CHEN,130718_SN540_0189_.1
130718_SN540_0190_B_H0KKFADXX_HUEBNER,130718_SN540_0190_.1
130730_SN540_0191_A_H0KJ8ADXX_CHEN,130730_SN540_0191_.1
130730_SN540_0192_B_H0NM5ADXX_CHEN,130730_SN540_0192_.1
130731_SN303_0164_A_C2ATLACXX_MIXED,130731_SN303_0164_.1
130731_SN303_0165_B_D29KRACXX_RAJEWSKY-LANDTHALER,130731_SN303_0165_.1
130801_SN540_0193_A_H0NTMADXX_CHEN,130801_SN540_0193_.1
130806_SN471_0149_A_C2AEPACXX_MIXED,130806_SN471_0149_.1
130809_SN541_0240_A_D2C4JACXX_MIXED,130809_SN541_0240_.1
130812_SN540_0194_B_H03BFADXX_LEWIN,130812_SN540_0194_.1
130812_SN540_0195_A_H03BFADXX_LEWIN,130812_SN540_0195_.1
130814_SN471_0151_A_D22L2ACXX_MIXED,130814_SN471_0151_.1
130815_SN541_0241_A_D2BHFACXX_MIXED,130815_SN541_0241_.1
130823_SN540_0196_A_H0NU3ADXX_LOEWER,130823_SN540_0196_.1
130827_SN541_0242_A_D2BYUACXX_UNI-POTSDAM,130827_SN541_0242_.1
130827_SN541_0243_B_D2D83ACXX_LONDON,130827_SN541_0243_.1
130905_SN540_0197_A_H0NU6ADXX_CHEN,130905_SN540_0197_.1
130912_SN541_0244_A_H0RW2ADXX_CHEN,130912_SN541_0244_.1
130912_SN541_0245_B_H1182ADXX_CHEN,130912_SN541_0245_.1
130920_SN303_0166_A_C2EWFACXX_MIXED,130920_SN303_0166_.1
130925_SN471_0152_A_D2FUKACXX_MIXED,130925_SN471_0152_.1
130927_SN303_0167_A_C2EA1ACXX_HUEBNER,130927_SN303_0167_.1
130927_SN303_0168_B_D2HCYACXX_HUEBNER,130927_SN303_0168_.1
131016_SN471_0153_A_D263EACXX_epM-DEEP,131016_SN471_0153_.1
131017_SN541_0246_B_D2H18ACXX_K-RAJEWSKY-HUEBNER,131017_SN541_0246_.1
131018_SN540_0198_A_C2M1DACXX_MIXED,131018_SN540_0198_.1
131022_SN540_0199_A_H1556ADXX_DIETERICH,131022_SN540_0199_.1
131028_SN471_0154_A_C2LD1ACXX_POTSDAM-DARMSTADT,131028_SN471_0154_.1
131028_SN471_0155_B_C2MKWACXX_HUEBNER-UNI-POTSDAM,131028_SN471_0155_.1
131101_SN471_0156_A_C2LDVACXX_MIXED,131101_SN471_0156_.1
131101_SN540_0200_A_H03DEADXX_CHEN,131101_SN540_0200_.1
131101_SN540_0201_B_H155NADXX_CHEN,131101_SN540_0201_.1
131104_SN541_0247_A_H155HADXX_CHEN,131104_SN541_0247_.1
131106_SN471_0157_A_D27AUACXX_MIXED,131106_SN471_0157_.1
131106_SN471_0158_B_D27AVACXX_NKM,131106_SN471_0158_.1
131112_SN541_0248_A_C2NEUACXX_LONDON,131112_SN541_0248_.1
131121_SN471_0159_A_C2F78ACXX_FASTERIS-SCHWEIZ,131121_SN471_0159_.1
131121_SN471_0160_B_C36NFACXX_FASTERIS-SCHWEIZ,131121_SN471_0160_.1
131122_SN303_0169_AC2NA6ACXX,131122_SN303_0169_.1
131122_SN303_0170_BC36D5ACXX,131122_SN303_0170_.1
131128_SN303_0171_A_C36UJACXX,131128_SN303_0171_.2
131128_SN303_0171_A_C36UJACXX_MIXED,131128_SN303_0171_.1
131203_SN303_0172_B_C36EAACXX_RAPP-BIRCHMEIER,131203_SN303_0172_.1
131204_SN471_0161_A_D2C6UACXX_MIXED,131204_SN471_0161_.1
131210_SN303_0173_A_C34C1ACXX_RAJEWSKY-TURSUN,131210_SN303_0173_.1
131210_SN303_0174_B_C36F4ACXX_RAJEWSKY,131210_SN303_0174_.1
131212_SN541_0250_A_C35V5ACXX_MIXED,131212_SN541_0250_.1
131212_SN541_0251_B_C368WACXX_MUELLER-LANDTHALER,131212_SN541_0251_.1
140115_SN303_0176_B_C36G0ACXX_MUELLER,140115_SN303_0176_.1
140123_SN540_0205_A_H7C0PADXX_CHEN,140123_SN540_0205_.1
140206_SN303_0177_A_C31G2ACXX_GOTTHARDT-HUEBNER,140206_SN303_0177_.1
140206_SN303_0178_B_C39AMACXX_LEWIN,140206_SN303_0178_.1
140206_SN541_0252_A_C31G2ACXX_GOTTHARDT-HUEBNER,140206_SN541_0252_.1
140206_SN541_0253_B_C39AMACXX_LEWIN,140206_SN541_0253_.1
140212_SN540_0206_A_C2L3LACXX_MIXED,140212_SN540_0206_.1
140212_SN540_0207_B_C2LUMACXX_MIXED,140212_SN540_0207_.1
140214_SN471_0162_A_C3C99ACXX_MIXED,140214_SN471_0162_.1
140214_SN471_0163_B_C3AV0ACXX_LANDTHALER-RAJEWSKY,140214_SN471_0163_.1
140221_SN303_0179_A_C38TEACXX_MARINA-CHEN,140221_SN303_0179_.1
140221_SN303_0180_B_C3CGNACXX_MIXED,140221_SN303_0180_.1
140224_SN541_0256_A_H0DJ3ADXX_HUEBNER,140224_SN541_0256_.1
140226_SN471_0164_A_C3BAHACXX_CHARITE,140226_SN471_0164_.1
140226_SN471_0165_B_C3JNNACXX_CHARITE-CHEN,140226_SN471_0165_.1
140228_SN541_0257_A_C38L1ACXX_CHEN,140228_SN541_0257_.1
140307_SN540_0208_A_C3BM6ACXX_MIXED,140307_SN540_0208_.1
140307_SN540_0209_B_C3NKTACXX_MIXED,140307_SN540_0209_.1
140311_SN541_0258_A_C396GACXX_MIXED,140311_SN541_0258_.1
140314_SN540_0210_A_C3NL6ACXX_MIXED,140314_SN540_0210_.1
140314_SN540_0211_B_C3NMFACXX_LONDON,140314_SN540_0211_.1
140319_SN303_0181_A_C3Y3TACXX_MARINA-PISCHON,140319_SN303_0181_.1
140319_SN303_0182_B_C3V4TACXX_MARINA,140319_SN303_0182_.1
140321_SN471_0166_A_C3NKFACXX_LONDON,140321_SN471_0166_.1
140321_SN471_0167_B_C3NG3ACXX_POTSDAM,140321_SN471_0167_.1
140321_SN540_0212_A_C3NG3ACXX_POTSDAM,140321_SN540_0212_.1
140325_SN541_0259_A_H03DBADXX_HUEBNER,140325_SN541_0259_.1
140325_SN541_0261_A_H777LADXX_HUEBNER,140325_SN541_0261_.1
140327_SN541_0262_B_H7CCYADXX_CHEN,140327_SN541_0262_.1
140328_SN471_0169_A_C3NE1ACXX_CHARITE-ECRC,140328_SN471_0169_.1
140408_SN541_0263_A_H74HYADXX_HUEBNER,140408_SN541_0263_.1
140408_SN541_0264_B_H77D7ADXX_HUEBNER,140408_SN541_0264_.1
140411_SN540_0215_A_C3NLAACXX_MIXED,140411_SN540_0215_.1
140411_SN540_0216_B_C3TNYACXX_HUEBNER,140411_SN540_0216_.1
140424_SN541_0265_A_H74UUADXX_HUEBNER,140424_SN541_0265_.1
140506_SN541_0266_A_H9A88ADXX_CHEN,140506_SN541_0266_.1
140507_SN471_0170_A_C3NMNACXX_MIXED,140507_SN471_0170_.1
140508_SN303_0183_A_C3VNAACXX_PISCHON,140508_SN303_0183_.1
140508_SN303_0184_B_C3V9YACXX_PISCHON,140508_SN303_0184_.1
140513_SN471_0171_B_C3UVFACXX_MIXED,140513_SN471_0171_.1
140516_SN541_0267_A_H9K7MADXX_HUEBNER,140516_SN541_0267_.1
140516_SN541_0268_B_H77C0ADXX_HUEBNER,140516_SN541_0268_.1
140522_SN303_0185_A_C48P6ACXX_epMotion_stmRNA,140522_SN303_0185_.1
140522_SN303_0185_A_C48P6ACXX_epMotion_stmRNA_RECOPY,140522_SN303_0185_.2
140527_SN540_0217_A_C3UJMACXX_MIXED,140527_SN540_0217_.1
140604_SN303_0186_A_C43A0ACXX_MIXED,140604_SN303_0186_.1
140604_SN303_0187_B_C3VU4ACXX_MIXED,140604_SN303_0187_.1
140605_SN471_0172_A_C3UMJACXX_MIXED,140605_SN471_0172_.1
140605_SN541_0269_A_H9C53ADXX_HUEBNER,140605_SN541_0269_.1
140612_SN303_0188_A_C42GAACXX_DEEP,140612_SN303_0188_.1
140612_SN303_0189_B_C47T8ACXX_MIXED,140612_SN303_0189_.1
140612_SN471_0173_A_C47ALACXX_MIXED,140612_SN471_0173_.1
140612_SN471_0174_B_C4D3FACXX_NKM,140612_SN471_0174_.1
140613_SN540_0218_A_C3UEVACXX_HUEBNER,140613_SN540_0218_.1
140613_SN540_0219_B_C3UF9ACXX_LONDON,140613_SN540_0219_.1
140613_SN541_0270_A_H9BUNADXX_HUEBNER,140613_SN541_0270_.1
140618_SN540_0220_A_C3UEDACXX_MIXED,140618_SN540_0220_.1
140619_SN541_0271_A_H9BVJADXX_CHEN,140619_SN541_0271_.1
140625_SN541_0272_A_H9KGJADXX_epMotion,140625_SN541_0272_.1
140626_SN303_0190_A_C47YTACXX_MIXED,140626_SN303_0190_.1
140626_SN303_0191_B_C48KEACXX_PISCHON,140626_SN303_0191_.1
140701_SN540_0221_A_C3UTGACXX_MIXED,140701_SN540_0221_.1
140707_SN541_0273_A_H7C1NADXX_CHEN,140707_SN541_0273_.1
140708_SN541_0274_B_H9K7CADXX_GONG,140708_SN541_0274_.1
140725_SN303_0192_A_C3UGAACXX_MIXED,140725_SN303_0192_.1
140725_SN471_0175_A_C48L2ACXX_MIXED,140725_SN471_0175_.1
140725_SN540_0222_A_C3URTACXX_BIRCHEIER,140725_SN540_0222_.1
140725_SN540_0223_B_C3VP6ACXX_MIXED,140725_SN540_0223_.1
140804_SN541_0275_A_H7CDGADXX_CHEN,140804_SN541_0275_.1
140821_SN303_0193_A_C4D4EACXX_MIXED,140821_SN303_0193_.1
140821_SN471_0177_B_C48NHACXX_MIXED,140821_SN471_0177_.1
140822_SN541_0276_A_H7BYBADXX_CHEN,140822_SN541_0276_.1
140822_SN541_0277_B_H9K7PADXX_HUEBNER,140822_SN541_0277_.1
140828_SN303_0194_A_C488KACXX_CHARITE-OHLER,140828_SN303_0194_.1
140902_SN541_0278_A_H7C1RADXX_CHEN,140902_SN541_0278_.1
140902_SN541_0279_B_H9KGAADXX_CHEN,140902_SN541_0279_.1
140904_SN540_0224_A_C4526ACXX_CHARITE-OHLER,140904_SN540_0224_.1
140904_SN540_0225_B_C47EEACXX_DEEP-CHARITE,140904_SN540_0225_.1
140904_SN540_0225_B_C47EEACXX_DEEP-CHARITE_KILLED-UPLOAD,140904_SN540_0225_.1
140910_SN471_0178_A_C530YACXX_MIXED,140910_SN471_0178_.1
140910_SN471_0179_B_C5558ACXX_MIXED,140910_SN471_0179_.1
140910_SN541_0280_A_HA4RKADXX_HUEBNER,140910_SN541_0280_.1
140910_SN541_0281_B_HA548ADXX_HUEBNER,140910_SN541_0281_.1
140915_SN541_0282_A_HA544ADXX_CHEN,140915_SN541_0282_.1
140915_SN541_0283_B_HA56EADXX_CHEN,140915_SN541_0283_.1
140917_SN471_0180_A_C50P1ACXX_CHARITE-OHLER,140917_SN471_0180_.1
140922_SN541_0284_A_HA549ADXX_HUEBNER,140922_SN541_0284_.1
140922_SN541_0285_B_H7EMEADXX_RAJEWSKY,140922_SN541_0285_.1
140926_SN540_0226_A_HA54NADXX_CHEN,140926_SN540_0226_.1
140926_SN540_0227_B_HAC30ADXX_CHEN,140926_SN540_0227_.1
141002_SN303_0195_A_C531AACXX_WILLNOW,141002_SN303_0195_.1
141002_SN471_0181_A_C52MLACXX_CHEN,141002_SN471_0181_.1
141010_SN303_0196_A_C56TMACXX_DRFZ,141010_SN303_0196_.1
141010_SN303_0197_B_C56U7ACXX_DRFZ,141010_SN303_0197_.1
141010_SN540_0228_A_C56TPACXX_MIXED,141010_SN540_0228_.1
141016_SN541_0286_A_HAC3LADXX_CHEN,141016_SN541_0286_.1
141016_SN541_0287_B_HAC9UADXX_epMOTION,141016_SN541_0287_.1
141017_SN303_0198_A_C5HGUACXX_LANDTHALER-RAJEWSKY,141017_SN303_0198_.1
141017_SN471_0182_A_C53CGACXX_MIXED,141017_SN471_0182_.1
141031_SN303_0199_A_C5HGPACXX_MIXED,141031_SN303_0199_.1
141031_SN471_0183_A_C52GNACXX_MIXED,141031_SN471_0183_.1
141107_SN540_0229_A_C5HCUACXX_POTSDAM,141107_SN540_0229_.1
141107_SN540_0230_B_C5GTGACXX_MIXED,141107_SN540_0230_.1
141120_SN471_0184_A_C5FEPACXX_HUEBNER,141120_SN471_0184_.1
141120_SN471_0185_B_C53CHACXX_HUEBNER,141120_SN471_0185_.1
141121_SN541_0288_A_H8U76ADXX_RAJEWSKY,141121_SN541_0288_.1
141127_SN303_0200_A_C5VE9ACXX_BIH-CH-MS,141127_SN303_0200_.1
141127_SN303_0201_B_C5HGJACXX_BIH-CH-MS,141127_SN303_0201_.1
141127_SN540_0232_B_C5V7VACXX_BIH,141127_SN540_0232_.2
141128_SN541_0289_A_C539EACXX_OHLER,141128_SN541_0289_.1
141128_SN541_0290_B_C5R9PACXX_MIXED,141128_SN541_0290_.1
141203_SN471_0186_A_C5R9JACXX_OHLER,141203_SN471_0186_.1
141203_SN471_0187_B_C5T86ACXX_MIXED,141203_SN471_0187_.1
141204_SN303_0202_A_C5V95ACXX_RAJEWSKY,141204_SN303_0202_.1
141204_SN303_0203_B_C5W7AACXX_MIXED,141204_SN303_0203_.1
141205_SN541_0291_A_C5V7YACXX_BIH-CH-MS,141205_SN541_0291_.1
141205_SN541_0292_B_C5W8KACXX_BIH-CH-MS,141205_SN541_0292_.1
141210_SN303_0204_A_C5V97ACXX_HAMMES,141210_SN303_0204_.1
141210_SN303_0205_B_C5W95ACXX_MIXED,141210_SN303_0205_.1
141215_SN540_0233_A_C5TKLACXX_MIXED,141215_SN540_0233_.1
141215_SN541_0293_A_C5TL1ACXX_HUEBNER,141215_SN541_0293_.1
141215_SN541_0294_B_C5VJKACXX_HUEBNER-POTSDAM,141215_SN541_0294_.1
150108_SN540_0234_A_HAUU4ADXX_RAJEWSKY,150108_SN540_0234_.1
150109_SN471_0188_A_C5RKAACXX_HUEBNER,150109_SN471_0188_.1
150109_SN471_0189_B_C5RPAACXX_HUEBNER,150109_SN471_0189_.1
150113_SN540_0235_A_C5TLNACXX_BIH-CH-MS,150113_SN540_0235_.1
150113_SN540_0236_B_C5VNJACXX_BIH-CH-MS,150113_SN540_0236_.1
150116_SN541_0295_A_C694FACXX_MIXED,150116_SN541_0295_.1
150116_SN541_0296_B_C68PRACXX_BIH-CH-MS,150116_SN541_0296_.1
150120_SN540_0237_A_HAURVADXX_RAJEWSKY,150120_SN540_0237_.1
150126_SN540_0238_A_HARL6ADXX_HUEBNER,150126_SN540_0238_.1
150126_SN540_0239_B_HB00HADXX_HUEBNER,150126_SN540_0239_.1
150127_SN471_0190_A_C5RNVACXX_BLANKENSTEIN,150127_SN471_0190_.1
150127_SN471_0191_B_C5WMKACXX_MIXED,150127_SN471_0191_.1
150128_SN303_0214_A_C5RPMACXX_OHLER,150128_SN303_0214_.1
150128_SN303_0215_B_C5WWKACXX_HUEBNER,150128_SN303_0215_.1
150130_SN540_0240_A_HAUP4ADXX_CHEN,150130_SN540_0240_.1
150130_SN540_0241_B_HAURCADXX_CHEN,150130_SN540_0241_.1
150130_SN541_0297_A_C693EACXX_MIXED,150130_SN541_0297_.1
150205_SN541_0298_A_C5RNWACXX_ECRC-SCHULZ,150205_SN541_0298_.1
150213_SN471_0192_A_C5WPRACXX_NKM,150213_SN471_0192_.1
150213_SN471_0193_B_C6B9EACXX_GOTTHARDT,150213_SN471_0193_.1
150213_SN540_0242_A_HCVJHADXX_POMBO,150213_SN540_0242_.1
150213_SN541_0299_A_HCVWNADXX_RAJEWSKY,150213_SN541_0299_.1
150213_SN541_0300_B_HCYTJADXX_RAJEWSKY,150213_SN541_0300_.1
150220_D00636_0019_AC6KEFANXX,150220_D00636_0019.1
150220_SN303_0216_A_C698AACXX_MIXED,150220_SN303_0216_.1
150220_SN303_0217_B_C69T5ACXX_LANDTHALER-OHLER,150220_SN303_0217_.1
150224_SN540_0243_A_HCYTKADXX_CHEN,150224_SN540_0243_.1
150224_SN540_0244_B_HAN07ADXX_CHEN,150224_SN540_0244_.1
150225_SN541_0301_A_C692UACXX_MIXED,150225_SN541_0301_.1
150225_SN541_0302_B_C69V3ACXX_MIXED,150225_SN541_0302_.1
150227_SN471_0194_A_C695EACXX_BIH-CH-MS,150227_SN471_0194_.1
150227_SN471_0195_B_C69TFACXX_DZHK-CHEKULAEVA,150227_SN471_0195_.1
150227_SN540_0245_A_HAN25ADXX_HUEBNER,150227_SN540_0245_.1
150227_SN540_0246_B_HAYFPADXX_HUEBNER,150227_SN540_0246_.1
150303_SN540_0247_A_HAYYKADXX_HUEBNER,150303_SN540_0247_.1
150303_SN540_0248_B_HB00JADXX_HUEBNER,150303_SN540_0248_.1
150306_D00636_0024_A_HB0K3ADXX_CHARITE,150306_D00636_0024.1
150306_D00636_0025_B_HB0L8ADXX_CHARITE,150306_D00636_0025.1
150306_SN540_0249_A_HARMUADXX_HUEBNER,150306_SN540_0249_.1
150306_SN540_0250_B_HB002ADXX_HUEBNER,150306_SN540_0250_.1
150311_SN540_0251_A_HARL9ADXX_OHLER,150311_SN540_0251_.1
150320_SN540_0252_A_HAC3KADXX_OHLER,150320_SN540_0252_.1
150320_SN540_0253_B_HAN27ADXX_OHLER,150320_SN540_0253_.1
150325_SN540_0254_A_HAN1TADXX_OHLER,150325_SN540_0254_.1
150325_SN540_0255_B_HAYGAADXX_OHLER,150325_SN540_0255_.1
150327_D00648_0016_A_C6KETANXX_270315,150327_D00648_0016.1
150327_SN303_0218_A_C695JACXX_MIXED,150327_SN303_0218_.1
150327_SN471_0196_A_C5YAYACXX_DITZEN,150327_SN471_0196_.1
150327_SN471_0197_B_C6AUKACXX_DITZEN,150327_SN471_0197_.1
150327_SN541_0303_A_C693VACXX_MIXED,150327_SN541_0303_.1
150327_SN541_0304_B_C72B9ACXX_MIXED,150327_SN541_0304_.1
150402_SN540_0256_A_HARMRADXX_NANO_EVAL,150402_SN540_0256_.1
150402_SN541_0305_A_C5W4LACXX_LEWIN,150402_SN541_0305_.1
150402_SN541_0306_B_C6B4MACXX_DEEP-RAJEWSKY,150402_SN541_0306_.1
150408_SN471_0198_B_C72LWACXX_MIXED,150408_SN471_0198_.1
150416_D00636_0026_A_C5UK8ANXX_CHEN-FIELITZ,150416_D00636_0026.1
150424_SN540_0257_A_HB041ADXX_Nano-Validation,150424_SN540_0257_.1
150429_D00636_0027_A_C6KNLANXX_WC_CH_MH,150429_D00636_0027.1
150508_D00636_0028_A_C6L0NANXX_CHARITE-MARINA,150508_D00636_0028.1
150508_D00636_0029_B_C5UG9ANXX_LANDTHALER-CHARITE,150508_D00636_0029.1
150520_SN303_0219_A_C723DACXX_HUEBNER,150520_SN303_0219_.1
150520_SN303_0220_B_C72B0ACXX_HUEBNER,150520_SN303_0220_.1
150521_SN540_0258_A_HF7G5ADXX_UKF,150521_SN540_0258_.1
150521_SN540_0259_B_HH7TGADXX_UKF,150521_SN540_0259_.1
150521_SN541_0307_A_C7233ACXX_MIXED,150521_SN541_0307_.1
150521_SN541_0308_B_C72LLACXX_MANSOURI,150521_SN541_0308_.1
150522_SN471_0199_A_C7232ACXX_MIXED,150522_SN471_0199_.1
150522_SN471_0200_B_C72B7ACXX_MIXED,150522_SN471_0200_.1
150526_SN540_0260_A_HH72VADXX_UKF,150526_SN540_0260_.1
150527_D00636_0031_A_C6HDTANXX_CHEN_IZSVAK,150527_D00636_0031.1
150529_SN471_0201_A_C6BC4ACXX_NKM,150529_SN471_0201_.1
150602_D00636_0032_B_C5UNWANXX_MIXED,150602_D00636_0032.1
150615_SN471_0202_A_C60MEACXX_MIXED,150615_SN471_0202_.1
150623_SN471_0203_A_C5YYJACXX_MIXED,150623_SN471_0203_.1
150624_ST-K00107_0026_A_H2W23BBXX_CHEN-Illumina,150624_ST-K00107_0.1
150630_SN540_0261_A_HK2TMADXX_CHEN,150630_SN540_0261_.1
150709_NS500648_0003_AHFTTVBGXX,150709_NS500648_00.1
150709_SN303_0221_A_C60J9ACXX_MIXED,150709_SN303_0221_.1
150709_SN471_0204_A_C5YKFACXX_HUEBNER,150709_SN471_0204_.1
150710_SN541_0309_A_C72M1ACXX_HUEBNER,150710_SN541_0309_.1
150710_SN541_0310_B_C728CACXX_HUEBNER,150710_SN541_0310_.1
150713_D00636_0033_B_C6848ANXX_CHEN-CHARITE,150713_D00636_0033.1
150717_SN541_0311_A_C7EU1ACXX_MIXED,150717_SN541_0311_.1
150717_SN541_0312_B_C7KHKACXX_HUEBNER,150717_SN541_0312_.1
150722_D00636_0034_A_C62FUANXX_CHARITE-CHEN,150722_D00636_0034.1
150722_NS500455_0005_AH33MWBGXX,150722_NS500455_00.1
150724_SN541_0313_A_C6AY0ACXX_NKM,150724_SN541_0313_.1
150724_SN541_0314_B_C6B26ACXX_MIXED,150724_SN541_0314_.1
150728_SN540_0262_A_HT5V3ADXX_HUEBNER,150728_SN540_0262_.1
150728_SN540_0263_B_HT7F2ADXX_HUEBNER,150728_SN540_0263_.1
150803_SN303_0222_A_C7WGWACXX_BIRCHMEIER-OHLER,150803_SN303_0222_.1
150803_SN303_0223_B_C7Y66ACXX_MIXED,150803_SN303_0223_.1
150803_SN540_0264_A_HT5MKADXX_HUEBNER,150803_SN540_0264_.1
150803_SN540_0265_B_HCYMGADXX_CHEN,150803_SN540_0265_.1
150804_NS500455_0006_AH33T7BGXX,150804_NS500455_00.1
150821_D00648_0025_A_C71ELANXX_MIXED,150821_D00648_0025.1
150821_NS500648_0004_AHGCGNBGXX,150821_NS500648_00.1
150825_NS500648_0005_AHFWTMBGXX,150825_NS500648_00.1
150902_NS500648_0006_AHGNGYBGXX,150902_NS500648_00.1
150907_D00636_0035_A_C6ULKANXX_CHEN-CHARITE,150907_D00636_0035.1
150910_SN471_0206_A_C6B44ACXX_MIXED,150910_SN471_0206_.1
150910_SN540_0266_A_HT7WKADXX_KETTENMANN,150910_SN540_0266_.1
150910_SN540_0267_B_HCYMVADXX_IZSVAK,150910_SN540_0267_.1
150916_D00636_0036_A_C70YEANXX_MUELLER,150916_D00636_0036.1
150917_NS500648_0007_AHJHGMBGXX,150917_NS500648_00.1
150917_SN303_0224_A_C7KGYACXX_UFK-SCHEIDEREIT,150917_SN303_0224_.1
150917_SN303_0225_B_C7Y6GACXX_MIXED,150917_SN303_0225_.1
150921_NS500648_0008_AHJHWMBGXX,150921_NS500648_00.1
150922_D00636_0037_A_C685TANXX_HUMMEL,150922_D00636_0037.1
150922_NS500648_0009_AHJW5VBGXX,150922_NS500648_00.1
150923_NS500648_0010_AHJHYJBGXX,150923_NS500648_00.1
150924_NS500648_0011_AHJV7HBGXX,150924_NS500648_00.1
150925_SN541_0315_A_C7Y68ACXX_MIXED,150925_SN541_0315_.1
150925_SN541_0316_B_C7Y98ACXX_MIXED,150925_SN541_0316_.1
151001_SN303_0226_A_C76JUACXX_HUEBNER,151001_SN303_0226_.1
151001_SN303_0227_B_C76N6ACXX_HUEBNER,151001_SN303_0227_.1
151005_NS500648_0012_AHHGNTBGXX,151005_NS500648_00.1
151007_D00636_0038_A_C6A3PANXX_CHEN-CHARITE,151007_D00636_0038.1
151008_SN540_0268_A_HT77WADXX_SCHMIDT-OTT,151008_SN540_0268_.1
151008_SN541_0317_A_C76FFACXX_HUEBNER,151008_SN541_0317_.1
151008_SN541_0318_B_C76G7ACXX_HUEBNER,151008_SN541_0318_.1
151016_D00636_0039_A_C6T45ANXX_HUMMEL,151016_D00636_0039.1
151020_SN303_0228_A_C7Y2TACXX_K.RAJEKSKY-CHEN,151020_SN303_0228_.1
151021_NS500648_0013_AHLMCHBGXX,151021_NS500648_00.1
151103_NS500648_0014_AHJJ3HBGXX,151103_NS500648_00.1
151104_D00636_0040_A_C77NFANXX_HUMMEL,151104_D00636_0040.1
151105_SN471_0207_A_C7Y69ACXX_MIXED,151105_SN471_0207_.1
151105_SN541_0319_A_C76JNACXX_HUEBNER,151105_SN541_0319_.1
151105_SN541_0320_B_C8463ACXX_HUEBNER,151105_SN541_0320_.1
151106_SN540_0269_A_C88ANACXX_HUEBNER,151106_SN540_0269_.1
151106_SN540_0270_B_C84RMACXX_MIXED,151106_SN540_0270_.1
151109_D00636_0041_B_C6A3HANXX_MIXED,151109_D00636_0041.1
151110_NS500648_0015_AHNF5NBGXX,151110_NS500648_00.1
151111_D00636_0042_A_C6A3JANXX_MIXED,151111_D00636_0042.1
151113_NS500648_0016_AHJHMVBGXX,151113_NS500648_00.1
151116_NS500648_0017_AHLYWKBGXX,151116_NS500648_00.1
151118_D00636_0043_B_C86H7ANXX_MIXED,151118_D00636_0043.1
151120_NS500648_0018_AHKM3GBGXX,151120_NS500648_00.1
151120_SN303_0229_A_C84RLACXX_MIXED,151120_SN303_0229_.1
151120_SN541_0321_A_C76N5ACXX_HUEBNER,151120_SN541_0321_.1
151120_SN541_0322_B_C83HWACXX_HUEBNER,151120_SN541_0322_.1
151124_SN540_0271_A_HCYNKADXX_POMBO,151124_SN540_0271_.1
151125_NS500648_0019_AHTHCNBGXX,151125_NS500648_00.1
151127_D00636_0044_A_C6A43ANXX_MIXED,151127_D00636_0044.1
151130_SN471_0210_B_C84RNACXX_MIXED,151130_SN471_0210_.1
151201_NS500648_0020_AHTHH3BGXX,151201_NS500648_00.1
151201_SN540_0272_A_C849AACXX_HUEBNER,151201_SN540_0272_.1
151201_SN540_0273_B_C8CKEACXX_HUEBNER,151201_SN540_0273_.1
151201_ST-K00107_0028_BH2VVCBBXX,151201_ST-K00107_0.1
151202_NS500648_0021_AHTHF3BGXX,151202_NS500648_00.1
151202_SN541_0323_A_C8CNMACXX_HUEBNER,151202_SN541_0323_.1
151202_SN541_0324_B_C8D33ACXX_BIRCHMEIER,151202_SN541_0324_.1
151203_NS500648_0022_AH5VFFAFXX,151203_NS500648_00.1
151204_NS500648_0023_AHKMTFBGXX,151204_NS500648_00.1
151204_SN471_0211_A_C8CJ3ACXX_MIXED,151204_SN471_0211_.1
151208_SN303_0230_A_C880AACXX_MIXED,151208_SN303_0230_.1
151215_SN303_0231_A_C88JRACXX_MIXED,151215_SN303_0231_.1
151216_NS500648_0024_AHMTGLBGXX,151216_NS500648_00.1
151217_NS500648_0025_AHVJN7BGXX,151217_NS500648_00.1
151218_NS500648_0026_AHVL3VBGXX,151218_NS500648_00.1
151222_NS500648_0027_AHM2GKBGXX,151222_NS500648_00.1
160107_NS500648_0028_AHVL2YBGXX,160107_NS500648_00.1
160111_NS500648_0029_AHKML5BGXX,160111_NS500648_00.1
160112_NS500648_0030_AHVM3MBGXX,160112_NS500648_00.1
160113_NS500648_0031_AHTH7MBGXX,160113_NS500648_00.1
160113_SN303_0232_A_C83T3ACXX_FU_CHEN,160113_SN303_0232_.1
160113_SN540_0274_A_C8FYNACXX_HUEBNER,160113_SN540_0274_.1
160113_SN540_0275_B_C88C1ACXX_MIXED,160113_SN540_0275_.1
160114_NS500648_0032_AHVLNMBGXX,160114_NS500648_00.1
160115_NS500648_0033_AHMNGGBGXX,160115_NS500648_00.1
160118_NS500648_0034_AHVKK3BGXX,160118_NS500648_00.1
160119_NS500648_0035_AHVKLJBGXX,160119_NS500648_00.1
160120_SN471_0212_A_C8459ACXX_MIXED,160120_SN471_0212_.1
160120_SN471_0213_B_C8CJ6ACXX_DRFZ_LEWIN,160120_SN471_0213_.1
160121_ST-K00106_0048_AH3YHKBBXX_CHENa,160121_ST-K00106_0.1
160121_ST-K00107_0029_A_H3YHKBBXX_CHEN,160121_ST-K00107_0.1
160122_NS500648_0036_AHVKCWBGXX,160122_NS500648_00.1
160125_NS500648_0037_AHNMHJBGXX,160125_NS500648_00.1
160126_NS500648_0038_AXXXXXXXXX,160126_NS500648_00.1
160127_SN303_0233_A_C885JACXX_MIXED,160127_SN303_0233_.1
160127_SN541_0325_A_C8D71ACXX_HUEBNER,160127_SN541_0325_.1
160127_SN541_0326_B_C8D1BACXX_HUEBNER,160127_SN541_0326_.1
160128_NB501326_0002_AHKNKGBGXX,160128_NB501326_00.1
160129_NB501326_0003_AHKNWNBGXX,160129_NB501326_00.1
160201_NB501326_0004_AHT2G3BGXX,160201_NB501326_00.1
160202_NB501326_0005_AHVKGHBGXX,160202_NB501326_00.1
160202_SN471_0214_A_C8C6YACXX_HUEBNER,160202_SN471_0214_.1
160202_SN471_0215_B_C8D7EACXX_HUEBNER,160202_SN471_0215_.1
160203_NS500455_0007_AH5NWHBGXX,160203_NS500455_00.1
160203_NS500648_0039_AHVML7BGXX,160203_NS500648_00.1
160208_SN303_0234_A_C88CUACXX_MIXED,160208_SN303_0234_.1
160208_SN303_0235_B_C850RACXX_MIXED,160208_SN303_0235_.1
160209_NB501326_0006_AHKNJYBGXX,160209_NB501326_00.1
160211_SN540_0276_A_C8FPBACXX_MIXED,160211_SN540_0276_.1
160211_SN541_0327_B_C88CVACXX_MIXED,160211_SN541_0327_.1
160212_NS500648_0040_AHVLT2BGXX,160212_NS500648_00.1
160215_NS500648_0041_AHKMTKBGXX,160215_NS500648_00.1
160219_NB501326_0007_AHKNKHBGXX,160219_NB501326_00.1
160219_NS500648_0042_AHNYYLBGXX,160219_NS500648_00.1
160224_NB501326_0008_AHVNF3BGXX,160224_NB501326_00.1
160224_NS500648_0043_AHW5WYBGXX,160224_NS500648_00.1
160225_NB501326_0009_AHVNKJBGXX,160225_NB501326_00.1
160229_NB501326_0010_AHKNWHBGXX,160229_NB501326_00.1
160301_NB501326_0011_AHVGFCBGXX,160301_NB501326_00.1
160302_NB501326_0012_AHKT3KBGXX,160302_NB501326_00.1
160302_NS500648_0044_AHW3F5BGXX,160302_NS500648_00.1
160302_SN471_0216_A_C88M8ACXX_HUEBNER,160302_SN471_0216_.1
160302_SN471_0217_B_C8D17ACXX_HUEBNER,160302_SN471_0217_.1
160304_SN540_0277_A_C8FY8ACXX_MIXED,160304_SN540_0277_.1
160307_NB501326_0013_AHW2M5BGXX,160307_NB501326_00.1
160307_NS500648_0045_AHVL33BGXX,160307_NS500648_00.1
160308_NB501326_0014_AHVNFFBGXX,160308_NB501326_00.1
160308_NS500648_0046_AHVNKKBGXX,160308_NS500648_00.1
160309_NB501326_0015_AHVY2CBGXX,160309_NB501326_00.1
160309_NS500648_0047_AHVNJYBGXX,160309_NS500648_00.1
160310_NB501326_0016_AHVJY5BGXX,160310_NB501326_00.1
160310_NS500648_0048_AHKNGTBGXX,160310_NS500648_00.1
160310_SN541_0328_A_HN3W3ADXX_CHARITE,160310_SN541_0328_.1
160311_NB501326_0017_AHVL3KBGXX,160311_NB501326_00.1
160311_NS500648_0049_AHVMH2BGXX,160311_NS500648_00.1
160314_NS500648_0050_AHKMLGBGXX,160314_NS500648_00.1
160315_NS500648_0051_AHVM25BGXX,160315_NS500648_00.1
160315_SN471_0218_A_C8G1LACXX_MIXED,160315_SN471_0218_.1
160315_SN471_0219_B_C8MAFACXX_MIXED,160315_SN471_0219_.1
160316_NS500648_0052_AHKNKFBGXX,160316_NS500648_00.1
160318_NS500648_0053_AHVM3KBGXX,160318_NS500648_00.1
160318_SN540_0278_B_C8C5MACXX_LEWIN,160318_SN540_0278_.1
160322_NB501326_0018_AHVL2WBGXX,160322_NB501326_00.1
160323_SN471_0220_A_C8MKTACXX_MIXED,160323_SN471_0220_.1
160323_SN541_0329_B_HTJFLADXX_NKM,160323_SN541_0329_.1
160324_NB501326_0019_AHT23WBGXX,160324_NB501326_00.1
160329_NB501326_0020_AHVLYGBGXX,160329_NB501326_00.1
160330_NB501326_0021_AHVL3YBGXX,160330_NB501326_00.1
160330_SN541_0330_A_HN3W3ADXX_SUNNY,160330_SN541_0330_.1
160330_SN541_0331_B_HT77WADXX_KUN_SUNNY,160330_SN541_0331_.1
160330_SN541_0332_A_HN3WKADXX_SUNNY,160330_SN541_0332_.1
160330_SN541_0333_B_HTJFJADXX_KUN-SUNNY,160330_SN541_0333_.1
160331_NB501326_0022_AHYLYCBGXX,160331_NB501326_00.1
160401_NB501326_0023_AHVLGNBGXX,160401_NB501326_00.1
160404_SN540_0279_A_C8CKAACXX_MIXED,160404_SN540_0279_.1
160405_NB501326_0024_AHVYGFBGXX,160405_NB501326_00.1
160407_NB501326_0025_AHVYG5BGXX,160407_NB501326_00.1
160408_NS500648_0054_AHVLYYBGXX,160408_NS500648_00.1
160411_NB501326_0026_AHVTWVBGXX,160411_NB501326_00.1
160412_NB501326_0027_AHY2K7BGXX,160412_NB501326_00.1
160412_SN471_0221_A_C8G2AACXX_TURSUN,160412_SN471_0221_.1
160415_NB501326_0028_AHWM5FBGXX,160415_NB501326_00.1
160415_NS500648_0055_AH27MCBGXY,160415_NS500648_00.1
160419_NS500648_0056_AHWTLHBGXX,160419_NS500648_00.1
160420_NB501326_0029_AHY3H3BGXX,160420_NB501326_00.1
160425_NB501326_0030_AHVJYJBGXX,160425_NB501326_00.1
160425_NS500648_0057_AHVKKMBGXX,160425_NS500648_00.1
160426_SN540_0280_B_C8MA9ACXX_MIXED,160426_SN540_0280_.1
160427_NS500648_0058_AHW57CBGXX,160427_NS500648_00.1
160427_SN541_0334_B_HCYMCADXX_CHEN,160427_SN541_0334_.1
160504_NB501326_0032_AHWYW3BGXX,160504_NB501326_00.1
160504_NS500648_0059_AHYK3LBGXX,160504_NS500648_00.1
160506_NB501326_0033_AHV7CYBGXX,160506_NB501326_00.1
160509_SN541_0335_A_HTC55ADXX_DEEP,160509_SN541_0335_.1
160513_NB501326_0034_AHW3NTBGXX,160513_NB501326_00.1
160513_NS500648_0060_AH5VGVAFXX,160513_NS500648_00.1
160513_SN540_0281_A_c06kracxx_test,160513_SN540_0281_.1
160517_NB501326_0035_AHY5GGBGXX,160517_NB501326_00.1
160519_NS500648_0061_AHVLCVBGXX,160519_NS500648_00.1
160519_SN471_0222_A_C8C8Tacxx_MIXED,160519_SN471_0222_.1
160520_NB501326_0036_AHYK3MBGXX,160520_NB501326_00.1
160524_NB501326_0037_AHVNGKBGXX,160524_NB501326_00.1
160524_NS500648_0062_AHVFFCBGXX,160524_NS500648_00.1
160525_SN540_0282_A_C8LYEACXX_MIXED,160525_SN540_0282_.1
160525_SN540_0283_B_C8M0BACXX_MIXED,160525_SN540_0283_.1
160527_NB501326_0038_AH5VYLBGXY,160527_NB501326_00.1
160527_NS500648_0063_AH33YFBGXY,160527_NS500648_00.1
160527_SN541_0336_B_H525MADXX_RAJEWSKY,160527_SN541_0336_.1
160601_NS500648_0064_AH2CNWBGXY,160601_NS500648_00.1
160607_NB501326_0039_AH2C2NBGXY,160607_NB501326_00.1
160607_NS500648_0065_AH27MWBGXY,160607_NS500648_00.1
160608_NB501326_0040_AH33VCBGXY,160608_NB501326_00.1
160610_NS500648_0066_AHVLKMBGXX,160610_NS500648_00.1
160614_NB501326_0041_AH2VCGBGXY,160614_NB501326_00.1
160614_NS500648_0067_AH3JKCBGXY,160614_NS500648_00.1
160615_NB501326_0042_AHVLGFBGXX,160615_NB501326_00.1
160615_NS500648_0068_AH333GBGXY,160615_NS500648_00.1
160616_NB501326_0043_AH2CNVBGXY,160616_NB501326_00.1
160616_NS500648_0069_AH55G5BGXY,160616_NS500648_00.1
160617_SN540_0284_A_C8D39ACXX_MIXED,160617_SN540_0284_.1
160621_SN541_0337_A_HTJFHADXX_NKM,160621_SN541_0337_.1
160621_SN541_0338_B_HYF25ADXX_NKM,160621_SN541_0338_.1
160623_NB501326_0044_AH3VJCBGXY,160623_NB501326_00.1
160623_NS500648_0070_AHFKKYBGXY,160623_NS500648_00.1
160624_NB501326_0045_AHCHFMBGXY,160624_NB501326_00.1
160624_NS500648_0071_AH23NGBGXY,160624_NS500648_00.1
160624_SN471_0223_A_C8KCUACXX_MIXED,160624_SN471_0223_.1
160627_NS500648_0072_AH3WMWBGXY,160627_NS500648_00.1
160627_SN541_0339_B_H3WKFADXX_NKM,160627_SN541_0339_.1
160628_NB501326_0046_AHFWF5BGXY,160628_NB501326_00.1
160628_NS500648_0073_AHHHYVBGXY,160628_NS500648_00.1
160628_SN540_0285_A_C8KBDACXX_MIXED,160628_SN540_0285_.1
160629_NS500648_0074_AHFWMFBGXY,160629_NS500648_00.1
160630_NB501326_0048_AH5KCYBGXY,160630_NB501326_00.1
160706_SN540_0286_A_C8JP4ACXX_MIXED,160706_SN540_0286_.1
160707_NB501326_0049_AHFW3GBGXY,160707_NB501326_00.1
160707_SN471_0224_B_C8JP4ACXX_MIXED,160707_SN471_0224_.1
160708_NS500648_0075_AHVLCWBGXX,160708_NS500648_00.1
160713_NS500648_0076_AHG2NGBGXY,160713_NS500648_00.1
160713_SN471_0225_A_C8J12ACXX_MIXED,160713_SN471_0225_.1
160715_NB501326_0050_AHHT3VBGXY,160715_NB501326_00.1
160715_NS500648_0077_AHFJN2BGXY,160715_NS500648_00.1
160719_NB501326_0051_AHG2C3BGXY,160719_NB501326_00.1
160719_NS500648_0078_AHFC7KBGXY,160719_NS500648_00.1
160720_NS500648_0079_AHCNHLBGXY,160720_NS500648_00.1
160721_NB501326_0052_AHCHYVAFXX,160721_NB501326_00.1
160721_NS500648_0080_AH2YNHBGXY,160721_NS500648_00.1
160725_NB501326_0053_AH23NCBGXY,160725_NB501326_00.1
160726_NS500648_0081_AH5727BGXY,160726_NS500648_00.1
160727_NB501326_0054_AH5WHGAFXX,160727_NB501326_00.1
160727_NS500648_0082_AHW3N7BGXX,160727_NS500648_00.1
160728_NS500648_0083_AH5HJJBGXY,160728_NS500648_00.1
160729_NS500648_0084_AHHT3CBGXY,160729_NS500648_00.1
160804_NS500648_0085_AHVKN7BGXX,160804_NS500648_00.1
160805_SN540_0287_A_C8JPHACXX_HUEBNER,160805_SN540_0287_.1
160809_SN471_0226_B_C8JE8ACXX_mixed,160809_SN471_0226_.1
160810_NS500648_0086_AHHT7CBGXY,160810_NS500648_00.1
160811_NB501326_0055_AHG3V7AFXX,160811_NB501326_00.1
160811_NS500648_0087_AHG3WNAFXX,160811_NS500648_00.1
160811_SN541_0340_A_H3YYHADXX_KUN,160811_SN541_0340_.1
160812_NB501326_0056_AHHTL5BGXY,160812_NB501326_00.1
160812_SN540_0289_A_C8JE8ACXX_MIXED,160812_SN540_0289_.1
160815_NS500648_0088_AHVLKWBGXX,160815_NS500648_00.1
160816_NB501326_0057_AHHN3HBGXY,160816_NB501326_00.1
160816_SN471_0228_B_C05HRACXX_TESTAFTERFORMATTING,160816_SN471_0228_.1
160817_NB501326_0058_AHFFWTBGXY,160817_NB501326_00.1
160817_NS500648_0089_AH5WMVBGXY,160817_NS500648_00.1
160817_SN540_0290_A_C9G45ACXX_MIXED,160817_SN540_0290_.1
160817_SN540_0291_B_C9H52ACXX_MIXED,160817_SN540_0291_.1
160818_NB501326_0059_AHVLKTBGXX,160818_NB501326_00.1
160818_NS500648_0090_AHGGKWBGXY,160818_NS500648_00.1
160818_SN541_0341_A_C9H52ACXX_MIXED,160818_SN541_0341_.1
160819_NS500648_0091_AHFKHFBGXY,160819_NS500648_00.1
160823_NS500648_0092_AHGJ5CBGXY,160823_NS500648_00.1
160824_SN540_0293_B_C05KRACXX_temp-test,160824_SN540_0293_.1
160825_NS500648_0093_AHFFJGBGXY,160825_NS500648_00.1
160902_NB501326_0060_AHFCC7BGXY,160902_NB501326_00.1
160906_NB501326_0061_AHVKCYBGXX,160906_NB501326_00.1
160912_SN541_0342_B_C8G17ACXX_MIXED,160912_SN541_0342_.1
160913_NB501326_0062_AHGGHNAFXX,160913_NB501326_00.1
160914_NS500648_0094_AHGC35AFXX,160914_NS500648_00.1
160914_SN540_0294_A_HJJGMADXX_BIRCHMEIER-KOHLER,160914_SN540_0294_.1
160915_NB501326_0063_AHGKHKAFXX,160915_NB501326_00.1
160915_NS500648_0095_AHVKK7BGXX,160915_NS500648_00.1
160919_NB501326_0064_AHGLCVAFXX,160919_NB501326_00.1
160926_NB501326_0065_AHGHKFBGXY,160926_NB501326_00.1
160927_NB501326_0066_AHG7YCAFXX,160927_NB501326_00.1
160927_NS500648_0096_AHVKLMBGXX,160927_NS500648_00.1
160928_NB501326_0067_AHFJJNBGXY,160928_NB501326_00.1
160929_NS500648_0097_AHHLMLBGXY,160929_NS500648_00.1
160930_NB501326_0068_AH2FJYBGXY,160930_NB501326_00.1
160930_NS500648_0098_AHCVMJBGXY,160930_NS500648_00.1
160930_SN541_0343_A_C9L4JACXX_HUEBNER,160930_SN541_0343_.1
161005_NB501326_0069_AHMYJJBGXY,161005_NB501326_00.1
161005_NS500648_0099_AHHNLJBGXY,161005_NS500648_00.1
161006_NB501326_0070_AHFFM3BGXY,161006_NB501326_00.1
161006_SN540_0295_A_C9H9TACXX_MIXED,161006_SN540_0295_.1
161007_NB501326_0071_AHVKKLBGXX,161007_NB501326_00.1
161010_NB501326_0072_AHGGTCBGXY,161010_NB501326_00.1
161010_NS500648_0100_AHGH7FBGXY,161010_NS500648_01.1
161011_NB501326_0073_AHFJV2BGXY,161011_NB501326_00.1
161014_NB501326_0074_AHTY5VBGXY,161014_NB501326_00.1
161014_NS500648_0101_AHG2KNBGXY,161014_NS500648_01.1
161016_NB501326_0075_AH3JKLBGXY,161016_NB501326_00.1
161016_NS500648_0102_AHLLHYBGXY,161016_NS500648_01.1
161017_SN540_0296_B_H3WK7ADXX_KUN,161017_SN540_0296_.1
161018_SN541_0344_B_C9L8CACXX_HUEBNER,161018_SN541_0344_.1
161019_NS500648_0103_AH2CWYBGXY,161019_NS500648_01.1
161027_NS500648_0104_AH3VMYBGXY,161027_NS500648_01.1
161028_NB501326_0076_AHGY32BGXY,161028_NB501326_00.1
161028_NS500648_0105_AHHY5HBGXY,161028_NS500648_01.1
161031_NB501326_0077_AHTKGHBGXY,161031_NB501326_00.1
161031_NS500648_0106_AHCHW3AFXX,161031_NS500648_01.1
161031_SN540_0297_A_C9H51ACXX_MIXED,161031_SN540_0297_.1
161101_NS500648_0107_AHGTV3BGXY,161101_NS500648_01.1
161101_SN541_0345_B_H5WLFBCXY_MARTYN,161101_SN541_0345_.1
161102_NS500648_0108_AHTKH2BGXY,161102_NS500648_01.1
161103_NB501326_0078_AHHL7WBGXY,161103_NB501326_00.1
161104_NS500648_0109_AHTKCTBGXY,161104_NS500648_01.1
161109_NS500648_0110_AHHLKKBGXY,161109_NS500648_01.1
161111_NS500648_0111_AHGTY5BGXY,161111_NS500648_01.1
161115_SN540_0298_A_C9V4NACXX_MIXED,161115_SN540_0298_.1
161116_NS500648_0112_AHLMC3BGXY,161116_NS500648_01.1
161118_NB501326_0079_AHTKMJBGXY,161118_NB501326_00.1
161118_NS500648_0113_AHHMM7BGXY,161118_NS500648_01.1
161118_SN541_0346_B_HJFGNADXX_YISHENG,161118_SN541_0346_.1
161122_NS500648_0114_AHGKYCAFXX,161122_NS500648_01.1
161123_NS500648_0115_AHTJWHBGXY,161123_NS500648_01.1
161124_NS500648_0116_AHHNMKAFXX,161124_NS500648_01.1
161124_SN541_0347_A_H5753BCXX_KUN,161124_SN541_0347_.1
161125_NS500648_0117_AHTHNJBGXY,161125_NS500648_01.1
161129_NS500648_0118_AHJ33GBGXY,161129_NS500648_01.1
161129_SN540_0299_A_C9VDVACXX_mixed,161129_SN540_0299_.1
161129_SN540_0300_B_C9HA0ACXX_mixed,161129_SN540_0300_.1
161205_NB501326_0080_AHTK72BGXY,161205_NB501326_00.1
161205_NS500648_0119_AHMTW3BGXY,161205_NS500648_01.1
161205_SN540_0301_B_C9HAGACXX_MIXED,161205_SN540_0301_.1
161206_SN541_0350_B_H575CBCXY_KUN,161206_SN541_0350_.1
161208_NB501326_0081_AHT2W7BGXY,161208_NB501326_00.1
161208_NS500648_0120_AH3KJFBGXY,161208_NS500648_01.1
161212_SN541_0351_A_H3WM5BCXY_PIERRE-LOUIS,161212_SN541_0351_.1
161215_NS500648_0121_AHT55TBGXY,161215_NS500648_01.1
161216_NS500648_0122_AHTJYMBGXY,161216_NS500648_01.1
161220_SN540_0302_B_CA00MACXX_MIXED,161220_SN540_0302_.1
161222_NB501326_0082_AHTHNVBGXY,161222_NB501326_00.1
161222_NS500648_0123_AHTJVHBGXY,161222_NS500648_01.1
161222_SN541_0352_B_HGGTTADXX_JUNKER,161222_SN541_0352_.1
161223_NB501326_0083_AHJ5NNAFXX,161223_NB501326_00.1
161223_NS500648_0124_AHTK5KBGXY,161223_NS500648_01.1
170102_NS500648_0125_AHJHLNAFXX,170102_NS500648_01.1
170102_SN541_0353_A_H3WLYBCXY_KUN,170102_SN541_0353_.1
170103_NB501326_0084_AHG35LBGX2,170103_NB501326_00.1
170103_SN541_0354_B_HFMKCBCXY_MARTYN,170103_SN541_0354_.1
170104_NB501326_0085_AHT333BGXY,170104_NB501326_00.1
170104_NS500648_0126_AHT55LBGXY,170104_NS500648_01.1
170105_NB501326_0086_AHTJWWBGXY,170105_NB501326_00.1
170106_SN540_0303_A_CA4GMACXX_MIXED,170106_SN540_0303_.1
170109_NB501326_0087_AHJ2MFAFXX,170109_NB501326_00.1
170110_NS500648_0127_AHJ73NAFXX,170110_NS500648_01.1
170112_NB501326_0088_AHJ3FWBGXY,170112_NB501326_00.1
170112_NS500648_0128_AHFN2HBGXY,170112_NS500648_01.1
170113_NB501326_0089_AHHLVFBGXY,170113_NB501326_00.1
170113_NS500648_0129_AH2GNFBGX2,170113_NS500648_01.1
202115_SN540_0233_A_C5TKLACXX_MIXED_TEST_ARCHIVE7_TOD_EL,202115_SN540_0233_.1
EAS1620_00024_62FKC_LANDTHALER-MPIIB,EAS1620_00024_62FK.1
ds4_PeriodicSaveRates,PeriodicSaveRa.1
ds4_Thumbnail_Images,Thumbnail_Imag.1
